Reference,Description,Voices,Notes per voice,Tempo (MM),Tempo (Hz),Time,Frequency sequence (hz),Note dur (s),Gain,Repeat,Notes,,,Ratio to crotchet,Draft,Rounded
3.002,36 tone row 1,36,1,80,1.33,27.00,"7916.93, 7167.1, 8122.69, 8480.57, 7069.77, 8784.19, 6500.21, 7565.62, 8569.27, 8816.03, 8989.76, 7118.5, 7338.94, 8033.38, 6610.82, 7545.8, 7938.18, 7392.67, 7010.82, 8247.94, 7185.81, 8392.22, 8798.24, 8883.38, 8107.95, 7645.63, 6852.28, 8203.63, 7652.48, 7163.02, 6750.96, 8518.62, 6640.53, 8503.48, 8307.59, 6656.93",0.56,0.2,0,f: 6500-9000 hz,,,0.75,0.5625,56
3.0021,36 tone row 2,36,1,127,2.12,17.01,"7916.93, 7167.1, 8122.69, 8480.57, 7069.77, 8784.19, 6500.21, 7565.62, 8569.27, 8816.03, 8989.76, 7118.5, 7338.94, 8033.38, 6610.82, 7545.8, 7938.18, 7392.67, 7010.82, 8247.94, 7185.81, 8392.22, 8798.24, 8883.38, 8107.95, 7645.63, 6852.28, 8203.63, 7652.48, 7163.02, 6750.96, 8518.62, 6640.53, 8503.48, 8307.59, 6656.93",0.38,0.3,0,,,,0.8125,0.3838582677,38
3.0022,36 tone row 3,36,1,216,3.60,10.00,"7916.93, 7167.1, 8122.69, 8480.57, 7069.77, 8784.19, 6500.21, 7565.62, 8569.27, 8816.03, 8989.76, 7118.5, 7338.94, 8033.38, 6610.82, 7545.8, 7938.18, 7392.67, 7010.82, 8247.94, 7185.81, 8392.22, 8798.24, 8883.38, 8107.95, 7645.63, 6852.28, 8203.63, 7652.48, 7163.02, 6750.96, 8518.62, 6640.53, 8503.48, 8307.59, 6656.93",0.24,0.4,0,,,,0.875,0.2430555556,24
3.0023,36 tone row 4,36,1,306,5.10,7.06,"7916.93, 7167.1, 8122.69, 8480.57, 7069.77, 8784.19, 6500.21, 7565.62, 8569.27, 8816.03, 8989.76, 7118.5, 7338.94, 8033.38, 6610.82, 7545.8, 7938.18, 7392.67, 7010.82, 8247.94, 7185.81, 8392.22, 8798.24, 8883.38, 8107.95, 7645.63, 6852.28, 8203.63, 7652.48, 7163.02, 6750.96, 8518.62, 6640.53, 8503.48, 8307.59, 6656.93",0.18,0.45,0,,,,0.9375,0.1838235294,18
3.0024,36 tone row 5,36,1,720,12.00,3.00,"7916.93, 7167.1, 8122.69, 8480.57, 7069.77, 8784.19, 6500.21, 7565.62, 8569.27, 8816.03, 8989.76, 7118.5, 7338.94, 8033.38, 6610.82, 7545.8, 7938.18, 7392.67, 7010.82, 8247.94, 7185.81, 8392.22, 8798.24, 8883.38, 8107.95, 7645.63, 6852.28, 8203.63, 7652.48, 7163.02, 6750.96, 8518.62, 6640.53, 8503.48, 8307.59, 6656.93",0.08,0.5,4,trigger to next,,,1,0.08333333333,8
3.003,24 tone row 1,24,1,75,1.25,19.20,"8718.46, 8524.79, 8569.62, 6731.46, 8133.28, 6910.45, 8512.71, 8607.3, 8978.89, 8497.85, 7558.45, 8695.73, 8650.97, 6666.64, 8454.49, 6566.09, 8104.31, 7671.73, 6982.19, 6875.12, 8627.85, 7321.36, 8898.71, 8762.94",0.6,0.2,0,,,,0.75,0.6,60
3.0031,24 tone row 2,24,1,120,2.00,12.00,"8718.46, 8524.79, 8569.62, 6731.46, 8133.28, 6910.45, 8512.71, 8607.3, 8978.89, 8497.85, 7558.45, 8695.73, 8650.97, 6666.64, 8454.49, 6566.09, 8104.31, 7671.73, 6982.19, 6875.12, 8627.85, 7321.36, 8898.71, 8762.94",0.41,0.3,0,,,,0.8125,0.40625,41
3.0032,24 tone row 3,24,1,216,3.60,6.67,"8718.46, 8524.79, 8569.62, 6731.46, 8133.28, 6910.45, 8512.71, 8607.3, 8978.89, 8497.85, 7558.45, 8695.73, 8650.97, 6666.64, 8454.49, 6566.09, 8104.31, 7671.73, 6982.19, 6875.12, 8627.85, 7321.36, 8898.71, 8762.94",0.24,0.4,0,,,,0.875,0.2430555556,24
3.0033,24 tone row 4,24,1,326,5.43,4.42,"8718.46, 8524.79, 8569.62, 6731.46, 8133.28, 6910.45, 8512.71, 8607.3, 8978.89, 8497.85, 7558.45, 8695.73, 8650.97, 6666.64, 8454.49, 6566.09, 8104.31, 7671.73, 6982.19, 6875.12, 8627.85, 7321.36, 8898.71, 8762.94",0.17,0.5,0,,,,0.9375,0.1725460123,17
3.0034,24 tone row 5,24,1,760,12.67,1.89,"8718.46, 8524.79, 8569.62, 6731.46, 8133.28, 6910.45, 8512.71, 8607.3, 8978.89, 8497.85, 7558.45, 8695.73, 8650.97, 6666.64, 8454.49, 6566.09, 8104.31, 7671.73, 6982.19, 6875.12, 8627.85, 7321.36, 8898.71, 8762.94",0.08,0.55,4,trigger to next,,,1,0.07894736842,8
3.004,16 tone row 1,16,1,70,1.17,13.71,"6740.11, 8307.57, 7978.21, 6653.68, 7960.3, 8793.68, 8989.72, 7329.67, 6628.95, 8051.39, 7938.06, 8218.18, 7636.05, 8018.77, 8898.8, 8541.81",0.64,0.25,0,,,,0.75,0.6428571429,64
3.0041,16.2,16,1,113,1.88,8.50,"6740.11, 8307.57, 7978.21, 6653.68, 7960.3, 8793.68, 8989.72, 7329.67, 6628.95, 8051.39, 7938.06, 8218.18, 7636.05, 8018.77, 8898.8, 8541.81",0.43,0.35,0,,,,0.8125,0.4314159292,43
3.0042,16.3,16,1,216,3.60,4.44,"6740.11, 8307.57, 7978.21, 6653.68, 7960.3, 8793.68, 8989.72, 7329.67, 6628.95, 8051.39, 7938.06, 8218.18, 7636.05, 8018.77, 8898.8, 8541.81",0.24,0.45,0,,,,0.875,0.2430555556,24
3.0043,16.4,16,1,346,5.77,2.77,"6740.11, 8307.57, 7978.21, 6653.68, 7960.3, 8793.68, 8989.72, 7329.67, 6628.95, 8051.39, 7938.06, 8218.18, 7636.05, 8018.77, 8898.8, 8541.81",0.16,0.55,0,,,,0.9375,0.1625722543,16
3.0044,16.5,16,1,800,13.33,1.20,"6740.11, 8307.57, 7978.21, 6653.68, 7960.3, 8793.68, 8989.72, 7329.67, 6628.95, 8051.39, 7938.06, 8218.18, 7636.05, 8018.77, 8898.8, 8541.81",0.08,0.65,4,trigger to next,,,1,0.075,8
3.005,12.1,12,1,65,1.08,11.08,"6864.28, 8119.55, 7297.98, 8335.09, 7870.36, 7044.08, 8523.04, 7822.94, 7808.27, 6942.78, 8302.9, 8789.73",0.69,0.3,0,,,,0.75,0.6923076923,69
3.0051,12.2,12,1,106,1.77,6.79,"6864.28, 8119.55, 7297.98, 8335.09, 7870.36, 7044.08, 8523.04, 7822.94, 7808.27, 6942.78, 8302.9, 8789.73",0.46,0.4,0,,,,0.8125,0.4599056604,46
3.0052,12.3,12,1,216,3.60,3.33,"6864.28, 8119.55, 7297.98, 8335.09, 7870.36, 7044.08, 8523.04, 7822.94, 7808.27, 6942.78, 8302.9, 8789.73",0.24,0.5,0,,,,0.875,0.2430555556,24
3.0053,12.4,12,1,366,6.10,1.97,"6864.28, 8119.55, 7297.98, 8335.09, 7870.36, 7044.08, 8523.04, 7822.94, 7808.27, 6942.78, 8302.9, 8789.73",0.15,0.6,0,,,,0.9375,0.1536885246,15
3.0054,12.5,12,1,840,14.00,0.86,"6864.28, 8119.55, 7297.98, 8335.09, 7870.36, 7044.08, 8523.04, 7822.94, 7808.27, 6942.78, 8302.9, 8789.73",0.07,0.65,4,trigger to next,,,1,0.07142857143,7
3.006,10.1,10,1,60,1.00,10.00,"8345.12, 7624.02, 7361.67, 7841.72, 7332.15, 8380.03, 7433.23, 8880.06, 6771.43, 7987.05",0.75,0.35,0,,,,0.75,0.75,75
3.0061,10.2,10,1,99,1.65,6.06,"8345.12, 7624.02, 7361.67, 7841.72, 7332.15, 8380.03, 7433.23, 8880.06, 6771.43, 7987.05",0.49,0.45,0,,,,0.8125,0.4924242424,49
3.0062,10.3,10,1,216,3.60,2.78,"8345.12, 7624.02, 7361.67, 7841.72, 7332.15, 8380.03, 7433.23, 8880.06, 6771.43, 7987.05",0.24,0.55,0,,,,0.875,0.2430555556,24
3.0063,10.4,10,1,386,6.43,1.55,"8345.12, 7624.02, 7361.67, 7841.72, 7332.15, 8380.03, 7433.23, 8880.06, 6771.43, 7987.05",0.15,0.65,0,,,,0.9375,0.1457253886,15
3.0064,10.5,10,1,880,14.67,0.68,"8345.12, 7624.02, 7361.67, 7841.72, 7332.15, 8380.03, 7433.23, 8880.06, 6771.43, 7987.05",0.07,0.7,4,trigger to next,,,1,0.06818181818,7
3.007,8.1,8,1,55,0.92,8.73,"8822.02, 8656.91, 7162.43, 6738.49, 8809.04, 7482.84, 7621.34, 8074.01",0.82,0.4,0,,,,0.75,0.8181818182,82
3.0071,8.2,8,1,92,1.53,5.22,"8822.02, 8656.91, 7162.43, 6738.49, 8809.04, 7482.84, 7621.34, 8074.01",0.53,0.5,0,,,,0.8125,0.5298913043,53
3.0072,8.3,8,1,216,3.60,2.22,"8822.02, 8656.91, 7162.43, 6738.49, 8809.04, 7482.84, 7621.34, 8074.01",0.24,0.6,0,,,,0.875,0.2430555556,24
3.0073,8.4,8,1,406,6.77,1.18,"8822.02, 8656.91, 7162.43, 6738.49, 8809.04, 7482.84, 7621.34, 8074.01",0.14,0.7,0,,,,0.9375,0.138546798,14
3.0074,8.5,8,1,920,15.33,0.52,"8822.02, 8656.91, 7162.43, 6738.49, 8809.04, 7482.84, 7621.34, 8074.01",0.07,0.75,4,trigger to next,,,1,0.0652173913,7
3.008,7.1,7,1,50,0.83,8.40,"7831.73, 6990.27, 7741.01, 8961.15, 6510.96, 8334.61, 8499.66",0.9,0.45,0,,,,0.75,0.9,90
3.0081,7.2,7,1,85,1.42,4.94,"7831.73, 6990.27, 7741.01, 8961.15, 6510.96, 8334.61, 8499.66",0.57,0.55,0,,,,0.8125,0.5735294118,57
3.0082,7.3,7,1,216,3.60,1.94,"7831.73, 6990.27, 7741.01, 8961.15, 6510.96, 8334.61, 8499.66",0.24,0.65,0,,,,0.875,0.2430555556,24
3.0083,7.4,7,1,426,7.10,0.99,"7831.73, 6990.27, 7741.01, 8961.15, 6510.96, 8334.61, 8499.66",0.13,0.75,0,,,,0.9375,0.1320422535,13
3.0084,7.5,7,1,960,16.00,0.44,"7831.73, 6990.27, 7741.01, 8961.15, 6510.96, 8334.61, 8499.66",0.06,0.8,4,trigger to next,,,1,0.0625,6
3.009,6.1,6,1,45,0.75,8.00,"7671.47, 8759.51, 7332.54, 8132.39, 7468.21, 6882.37",1,0.5,0,,,,0.75,1,100
3.0091,6.2,6,1,78,1.30,4.62,"7671.47, 8759.51, 7332.54, 8132.39, 7468.21, 6882.37",0.63,0.6,0,,,,0.8125,0.625,63
3.0092,6.3,6,1,216,3.60,1.67,"7671.47, 8759.51, 7332.54, 8132.39, 7468.21, 6882.37",0.24,0.7,0,,,,0.875,0.2430555556,24
3.0093,6.4,6,1,446,7.43,0.81,"7671.47, 8759.51, 7332.54, 8132.39, 7468.21, 6882.37",0.13,0.8,0,,,,0.9375,0.1261210762,13
3.0094,6.5,6,1,1000,16.67,0.36,"7671.47, 8759.51, 7332.54, 8132.39, 7468.21, 6882.37",0.06,0.85,4,trigger to next,,,1,0.06,6
3.01,5.1,5,1,40,0.67,7.50,"7795.14, 7251.2, 7489, 8771.1, 8212.5",1.13,0.55,0,,,,0.75,1.125,113
3.0101,5.2,5,1,71,1.18,4.23,"7795.14, 7251.2, 7489, 8771.1, 8212.5",0.69,0.65,0,,,,0.8125,0.6866197183,69
3.0102,5.3,5,1,216,3.60,1.39,"7795.14, 7251.2, 7489, 8771.1, 8212.5",0.24,0.75,0,,,,0.875,0.2430555556,24
3.0103,5.4,5,1,466,7.77,0.64,"7795.14, 7251.2, 7489, 8771.1, 8212.5",0.12,0.8,0,,,,0.9375,0.1207081545,12
3.0104,5.5,5,1,1040,17.33,0.29,"7795.14, 7251.2, 7489, 8771.1, 8212.5",0.06,0.85,4,trigger to next,,,1,0.05769230769,6
3.011,4.1,4,1,35,0.58,6.86,"8136.32, 7763.6, 7502.23, 7485.95",1.29,0.6,0,,,,0.75,1.285714286,129
3.0111,4.2,4,1,64,1.07,3.75,"8136.32, 7763.6, 7502.23, 7485.95",0.76,0.65,0,,,,0.8125,0.76171875,76
3.0112,4.3,4,1,216,3.60,1.11,"8136.32, 7763.6, 7502.23, 7485.95",0.24,0.7,0,,,,0.875,0.2430555556,24
3.0113,4.4,4,1,486,8.10,0.49,"8136.32, 7763.6, 7502.23, 7485.95",0.12,0.8,0,,,,0.9375,0.1157407407,12
3.0114,4.5,4,1,1080,18.00,0.22,"8136.32, 7763.6, 7502.23, 7485.95",0.06,0.9,4,trigger to next,,,1,0.05555555556,6
3.012,3.1,3,1,30,0.50,6.00,"8524.56, 8854.09, 7372.55",1.5,0.65,0,,,,0.75,1.5,150
3.0121,3.2,3,1,57,0.95,3.16,"8524.56, 8854.09, 7372.55",0.86,0.7,0,,,,0.8125,0.8552631579,86
3.0122,3.3,3,1,216,3.60,0.83,"8524.56, 8854.09, 7372.55",0.24,0.8,0,,,,0.875,0.2430555556,24
3.0123,3.4,3,1,506,8.43,0.36,"8524.56, 8854.09, 7372.55",0.11,0.9,0,,,,0.9375,0.1111660079,11
3.0124,3.5,3,1,1120,18.67,0.16,"8524.56, 8854.09, 7372.55",0.05,0.95,4,trigger to next,,,1,0.05357142857,5
3.013,2.1,2,1,25,0.42,4.80,"7584.32, 7888.96",1.8,0.7,0,,,,0.75,1.8,180
3.0131,2.2,2,1,50,0.83,2.40,"7584.32, 7888.96",0.98,0.75,0,,,,0.8125,0.975,98
3.0132,2.3,2,1,216,3.60,0.56,"7584.32, 7888.96",0.24,0.8,0,,,,0.875,0.2430555556,24
3.0133,2.4,2,1,526,8.77,0.23,"7584.32, 7888.96",0.11,0.9,0,,,,0.9375,0.1069391635,11
3.0134,2.5,2,1,1160,19.33,0.10,"7584.32, 7888.96",0.05,1,4,trigger to next,,,1,0.05172413793,5
3.014,1.1,1,1,20,0.33,3.00,9000,2.25,0.75,0,,,,0.75,2.25,225
3.0141,1.2,1,1,43,0.72,1.40,9000,1.13,0.8,0,,,,0.8125,1.13372093,113
3.0142,1.3,1,1,216,3.60,0.28,9000,0.24,0.85,0,,,,0.875,0.2430555556,24
3.0143,1.4,1,1,546,9.10,0.11,9000,0.1,0.9,0,,,,0.9375,0.103021978,10
3.0144,1.5,1,1,1200,20.00,0.05,9000,0.05,1,4,"Repeat this until triggered next, MODULATE TO NEW TIMBRE",,,1,0.05,5
,,1,1,546,9.10,0.11,9000,0.11,1,,,,,1,0.1098901099,11
,,1,1,216,3.60,0.28,9000,0.28,1,,,,,1,0.2777777778,28
,,1,1,43,0.72,1.40,9000,1.4,1,,,,,1,1.395348837,140
,,1,1,20,0.33,3.00,9000,3,1,,,,,1,3,300
,,1,1,43,0.72,1.40,9000,1.4,1,,,,,1,1.395348837,140
,,1,1,216,3.60,0.28,9000,0.28,1,,,,,1,0.2777777778,28
,,1,1,546,9.10,0.11,9000,0.11,1,,,,,1,0.1098901099,11
,,1,1,1200,20.00,0.05,9000,0.05,1,,,,,1,0.05,5
,,1,1,546,9.10,0.11,9000,0.11,1,,,,,1,0.1098901099,11
,,1,1,216,3.60,0.28,9000,0.28,1,,,,,1,0.2777777778,28
,,1,1,43,0.72,1.40,9000,1.4,1,,,,,1,1.395348837,140
,,1,1,20,0.33,3.00,9000,3,1,,,,,1,3,300
,,1,1,43,0.72,1.40,9000,1.4,1,,,,,1,1.395348837,140
,,1,1,216,3.60,0.28,9000,0.28,1,,,,,1,0.2777777778,28
,,1,1,546,9.10,0.11,9000,0.11,1,,,,,1,0.1098901099,11
,,1,1,1200,20.00,0.05,9000,0.05,1,,,,,1,0.05,5
3.1,-2.1,2,1,1200,20.00,0.10,"7584.32, 7888.96",0.05,1,0,,,,1,0.05,5
3.101,-2.2,2,1,546,9.10,0.22,"7584.32, 7888.96",0.1,0.9,0,,,,0.9375,0.103021978,10
3.102,-2.3,2,1,216,3.60,0.56,"7584.32, 7888.96",0.24,0.8,0,,,,0.875,0.2430555556,24
3.103,-2.4,2,1,43,0.72,2.79,"7584.32, 7888.96",1.13,0.7,0,,,,0.8125,1.13372093,113
3.104,-2.5,2,1,20,0.33,6.00,"7584.32, 7888.96",2.25,0.6,4,trigger to next,,,0.75,2.25,225
3.11,-3.1,3,1,1080,18.00,0.17,"7109.83, 6319.82, 5684.39",0.06,0.95,0,,,,1,0.05555555556,6
3.111,-3.2,3,1,864,14.40,0.21,"7109.83, 6319.82, 5684.39",0.07,0.85,0,,,,0.9375,0.06510416667,7
3.112,-3.3,3,1,605,10.08,0.30,"7109.83, 6319.82, 5684.39",0.09,0.75,0,,,,0.875,0.0867768595,9
3.113,-3.4,3,1,333,5.55,0.54,"7109.83, 6319.82, 5684.39",0.15,0.65,0,,,,0.8125,0.1463963964,15
3.114,-3.5,3,1,116,1.93,1.55,"7109.83, 6319.82, 5684.39",0.39,0.55,4,trigger to next,,,0.75,0.3879310345,39
3.12,-4.1,4,1,972,16.20,0.25,"4334.08, 7664.06, 8047.63, 4877.82",0.06,0.9,0,,,,1,0.06172839506,6
3.121,-4.2,4,1,778,12.97,0.31,"4334.08, 7664.06, 8047.63, 4877.82",0.07,0.8,0,,,,0.9375,0.07230077121,7
3.122,-4.3,4,1,544,9.07,0.44,"4334.08, 7664.06, 8047.63, 4877.82",0.1,0.7,0,,,,0.875,0.09650735294,10
3.123,-4.4,4,1,299,4.98,0.80,"4334.08, 7664.06, 8047.63, 4877.82",0.16,0.6,0,,,,0.8125,0.1630434783,16
3.124,-4.5,4,1,105,1.75,2.29,"4334.08, 7664.06, 8047.63, 4877.82",0.43,0.5,4,trigger to next,,,0.75,0.4285714286,43
3.13,-5.1,5,1,875,14.58,0.34,"7737.44, 8338.27, 7328.21, 6185.07, 5477.53",0.07,0.85,0,,,,1,0.06857142857,7
3.131,-5.2,5,1,700,11.67,0.43,"7737.44, 8338.27, 7328.21, 6185.07, 5477.53",0.08,0.75,0,,,,0.9375,0.08035714286,8
3.132,-5.3,5,1,490,8.17,0.61,"7737.44, 8338.27, 7328.21, 6185.07, 5477.53",0.11,0.65,0,,,,0.875,0.1071428571,11
3.133,-5.4,5,1,269,4.48,1.12,"7737.44, 8338.27, 7328.21, 6185.07, 5477.53",0.18,0.55,0,,,,0.8125,0.1812267658,18
3.134,-5.5,5,1,94,1.57,3.19,"7737.44, 8338.27, 7328.21, 6185.07, 5477.53",0.48,0.45,4,trigger to next,,,0.75,0.4787234043,48
3.14,-6.1,6,1,787,13.12,0.46,"4330.33, 5607.6, 4384.88, 4623.99, 5978.93, 4714.36",0.08,0.8,0,,,,1,0.07623888183,8
3.141,-6.2,6,1,630,10.50,0.57,"4330.33, 5607.6, 4384.88, 4623.99, 5978.93, 4714.36",0.09,0.7,0,,,,0.9375,0.08928571429,9
3.142,-6.3,6,1,441,7.35,0.82,"4330.33, 5607.6, 4384.88, 4623.99, 5978.93, 4714.36",0.12,0.6,0,,,,0.875,0.119047619,12
3.143,-6.4,6,1,242,4.03,1.49,"4330.33, 5607.6, 4384.88, 4623.99, 5978.93, 4714.36",0.2,0.5,0,,,,0.8125,0.201446281,20
3.144,-6.5,6,1,85,1.42,4.24,"4330.33, 5607.6, 4384.88, 4623.99, 5978.93, 4714.36",0.53,0.4,4,trigger to next,,,0.75,0.5294117647,53
3.15,-7.1,7,1,709,11.82,0.59,"4551.83, 7423.66, 5150.7, 8467.84, 4106.64, 4400.01, 6163.49",0.08,0.75,0,,,,1,0.08462623413,8
3.151,-7.2,7,1,567,9.45,0.74,"4551.83, 7423.66, 5150.7, 8467.84, 4106.64, 4400.01, 6163.49",0.1,0.65,0,,,,0.9375,0.09920634921,10
3.152,-7.3,7,1,397,6.62,1.06,"4551.83, 7423.66, 5150.7, 8467.84, 4106.64, 4400.01, 6163.49",0.13,0.55,0,,,,0.875,0.1322418136,13
3.153,-7.4,7,1,218,3.63,1.93,"4551.83, 7423.66, 5150.7, 8467.84, 4106.64, 4400.01, 6163.49",0.22,0.45,0,,,,0.8125,0.2236238532,22
3.154,-7.5,7,1,76,1.27,5.53,"4551.83, 7423.66, 5150.7, 8467.84, 4106.64, 4400.01, 6163.49",0.59,0.35,4,trigger to next,,,0.75,0.5921052632,59
3.16,-8.1,8,1,638,10.63,0.75,"7948.04, 6303.61, 8891.48, 8519.02, 5497.12, 4675.06, 6426.86, 5622.66",0.09,0.7,0,,,,1,0.09404388715,9
3.161,-8.2,8,1,510,8.50,0.94,"7948.04, 6303.61, 8891.48, 8519.02, 5497.12, 4675.06, 6426.86, 5622.66",0.11,0.6,0,,,,0.9375,0.1102941176,11
3.162,-8.3,8,1,357,5.95,1.34,"7948.04, 6303.61, 8891.48, 8519.02, 5497.12, 4675.06, 6426.86, 5622.66",0.15,0.5,0,,,,0.875,0.1470588235,15
3.163,-8.4,8,1,196,3.27,2.45,"7948.04, 6303.61, 8891.48, 8519.02, 5497.12, 4675.06, 6426.86, 5622.66",0.25,0.4,0,,,,0.8125,0.2487244898,25
3.164,-8.5,8,1,69,1.15,6.96,"7948.04, 6303.61, 8891.48, 8519.02, 5497.12, 4675.06, 6426.86, 5622.66",0.65,0.3,4,trigger to next,,,0.75,0.652173913,65
3.17,-10.1,10,1,574,9.57,1.05,"4852.74, 5246.15, 4534.32, 4320.53, 6174.34, 7339.13, 8747.79, 6570.3, 5011.6, 7436.65",0.1,0.65,0,,,,1,0.1045296167,10
3.171,-10.2,10,1,459,7.65,1.31,"4852.74, 5246.15, 4534.32, 4320.53, 6174.34, 7339.13, 8747.79, 6570.3, 5011.6, 7436.65",0.12,0.55,0,,,,0.9375,0.1225490196,12
3.172,-10.3,10,1,321,5.35,1.87,"4852.74, 5246.15, 4534.32, 4320.53, 6174.34, 7339.13, 8747.79, 6570.3, 5011.6, 7436.65",0.16,0.45,0,,,,0.875,0.1635514019,16
3.173,-10.4,10,1,177,2.95,3.39,"4852.74, 5246.15, 4534.32, 4320.53, 6174.34, 7339.13, 8747.79, 6570.3, 5011.6, 7436.65",0.28,0.35,0,,,,0.8125,0.2754237288,28
3.174,-10.5,10,1,62,1.03,9.68,"4852.74, 5246.15, 4534.32, 4320.53, 6174.34, 7339.13, 8747.79, 6570.3, 5011.6, 7436.65",0.73,0.25,4,trigger to next,,,0.75,0.7258064516,73
3.18,-12.1,12,1,517,8.62,1.39,"7529.11, 4649.26, 5939.73, 5378.86, 4097.64, 8960.4, 6134.33, 8974.44, 8961.65, 7041.93, 8729.83, 8710.04",0.12,0.6,0,,,,1,0.1160541586,12
3.181,-12.2,12,1,413,6.88,1.74,"7529.11, 4649.26, 5939.73, 5378.86, 4097.64, 8960.4, 6134.33, 8974.44, 8961.65, 7041.93, 8729.83, 8710.04",0.13,0.5,0,,,,0.925,0.1343825666,13
3.182,-12.3,12,1,289,4.82,2.49,"7529.11, 4649.26, 5939.73, 5378.86, 4097.64, 8960.4, 6134.33, 8974.44, 8961.65, 7041.93, 8729.83, 8710.04",0.18,0.4,0,,,,0.85,0.1764705882,18
3.183,-12.4,12,1,159,2.65,4.53,"7529.11, 4649.26, 5939.73, 5378.86, 4097.64, 8960.4, 6134.33, 8974.44, 8961.65, 7041.93, 8729.83, 8710.04",0.29,0.3,0,,,,0.775,0.2924528302,29
3.184,-12.5,12,1,56,0.93,12.86,"7529.11, 4649.26, 5939.73, 5378.86, 4097.64, 8960.4, 6134.33, 8974.44, 8961.65, 7041.93, 8729.83, 8710.04",0.75,0.2,4,trigger to next,,,0.7,0.75,75
3.19,-16.1,16,1,465,7.75,2.06,"4495.49, 7989.86, 5234.2, 6413.3, 4807.05, 5132.88, 4483.72, 5793.74, 6095.88, 6202.2, 4868.45, 6251.89, 5267.13, 4853.92, 8038.24, 5223.28",0.13,0.55,0,,,,1,0.1290322581,13
3.191,-16.2,16,1,372,6.20,2.58,"4495.49, 7989.86, 5234.2, 6413.3, 4807.05, 5132.88, 4483.72, 5793.74, 6095.88, 6202.2, 4868.45, 6251.89, 5267.13, 4853.92, 8038.24, 5223.28",0.15,0.45,0,,,,0.9125,0.1471774194,15
3.192,-16.3,16,1,260,4.33,3.69,"4495.49, 7989.86, 5234.2, 6413.3, 4807.05, 5132.88, 4483.72, 5793.74, 6095.88, 6202.2, 4868.45, 6251.89, 5267.13, 4853.92, 8038.24, 5223.28",0.19,0.35,0,,,,0.825,0.1903846154,19
3.193,-16.4,16,1,143,2.38,6.71,"4495.49, 7989.86, 5234.2, 6413.3, 4807.05, 5132.88, 4483.72, 5793.74, 6095.88, 6202.2, 4868.45, 6251.89, 5267.13, 4853.92, 8038.24, 5223.28",0.31,0.25,0,,,,0.7375,0.3094405594,31
3.194,-16.5,16,1,50,0.83,19.20,"4495.49, 7989.86, 5234.2, 6413.3, 4807.05, 5132.88, 4483.72, 5793.74, 6095.88, 6202.2, 4868.45, 6251.89, 5267.13, 4853.92, 8038.24, 5223.28",0.78,0.15,4,trigger to next,,,0.65,0.78,78
3.2,-24.1,24,1,418,6.97,3.44,"4728.28, 6339.83, 5434.28, 6130.96, 6654.63, 5536.65, 5350.3, 4315.64, 5897.35, 6645.16, 5374.82, 5546.84, 6009.18, 5269.97, 4817.28, 4858.87, 8816.77, 6731.2, 7694.15, 6364.84, 6537.88, 7153.64, 7536.58, 4819.63",0.14,0.5,0,,,,1,0.1435406699,14
3.201,-24.2,24,1,335,5.58,4.30,"4728.28, 6339.83, 5434.28, 6130.96, 6654.63, 5536.65, 5350.3, 4315.64, 5897.35, 6645.16, 5374.82, 5546.84, 6009.18, 5269.97, 4817.28, 4858.87, 8816.77, 6731.2, 7694.15, 6364.84, 6537.88, 7153.64, 7536.58, 4819.63",0.16,0.4,0,,,,0.9,0.1611940299,16
3.202,-24.3,24,1,234,3.90,6.15,"4728.28, 6339.83, 5434.28, 6130.96, 6654.63, 5536.65, 5350.3, 4315.64, 5897.35, 6645.16, 5374.82, 5546.84, 6009.18, 5269.97, 4817.28, 4858.87, 8816.77, 6731.2, 7694.15, 6364.84, 6537.88, 7153.64, 7536.58, 4819.63",0.21,0.3,0,,,,0.8,0.2051282051,21
3.203,-24.4,24,1,129,2.15,11.16,"4728.28, 6339.83, 5434.28, 6130.96, 6654.63, 5536.65, 5350.3, 4315.64, 5897.35, 6645.16, 5374.82, 5546.84, 6009.18, 5269.97, 4817.28, 4858.87, 8816.77, 6731.2, 7694.15, 6364.84, 6537.88, 7153.64, 7536.58, 4819.63",0.33,0.2,0,,,,0.7,0.3255813953,33
3.204,-24.5,24,1,45,0.75,32.00,"4728.28, 6339.83, 5434.28, 6130.96, 6654.63, 5536.65, 5350.3, 4315.64, 5897.35, 6645.16, 5374.82, 5546.84, 6009.18, 5269.97, 4817.28, 4858.87, 8816.77, 6731.2, 7694.15, 6364.84, 6537.88, 7153.64, 7536.58, 4819.63",0.8,0.1,4,trigger to next,,,0.6,0.8,80
3.3,Pointilistic Soundscape ,All,1,45-418 over 60 second period,N/A,60.00,Random pitch selector; 60-9000 hz,0.67 to 10 seconds over 60 second period,0.1-1 over a 40 second period,N/A,"Single sounds, consistent rhythm",,,,,
3.4,Holding mass random pitches,All,1,6,0.10,10.00,Random pitch selector; 60-9000 hz,10,1,0,,,,,,
3.5,Silence,N/A,N/A,N/A,N/A,6.66,N/A,6.66,N/A,0,If there could be a lighting effect on the phones here tha'd be swell (or swoll),,,,,
3.6,Heart rate and Movement Pads come in,N/A,N/A,N/A,N/A,4.44,N/A,4.44,0-0.5,0,"The ""soundscape parts"" should fade in over 4 seconds",,,,,
,,,,,,,,,,,,,,,,
4,"Melodic squence, klangfaben melody",A,1,N/A (60),N/A,1.50,293.66,1.50,1,0,,,,,,
,,B,1,N/A (60),N/A,0.50,311.13,0.50,1,0,,,,,,
,,C,1,N/A (60),N/A,0.50,349.23,0.50,1,0,,,,,,
,,D,1,N/A (60),N/A,0.50,392,0.50,1,0,,,,,,
,,E,1,N/A (60),N/A,2.00,440,2.00,1,0,,,,,,
,,F,1,N/A (60),N/A,1.50,554.37,1.50,1,0,,,,,,
,,G,1,N/A (60),N/A,0.50,622.25,0.50,1,0,,,,,,
,,H,1,N/A (60),N/A,0.50,587.33,0.50,1,0,,,,,,
,,I,1,N/A (60),N/A,0.50,523.25,0.50,1,0,,,,,,
,,J,1,N/A (60),N/A,1.50,466.16,1.50,1,0,,,,,,
,,K,1,N/A (60),N/A,0.50,440,0.50,1,0,,,,,,
,,L,1,N/A (60),N/A,0.50,392,0.50,1,0,,,,,,
,,M,1,N/A (60),N/A,0.50,349.23,0.50,1,0,,,,,,
,,N,1,N/A (60),N/A,0.50,311.13,0.50,1,0,,,,,,
,,O,1,N/A (60),N/A,3.00,293.66,3.00,1,0,,,,,,
,,P,1,N/A (60),N/A,2.00,261.63,2.00,1,0,,,,,,
,,Q,1,N/A (60),N/A,0.50,220,0.50,1,0,,,,,,
,,R,1,N/A (60),N/A,0.50,233.08,0.50,1,0,,,,,,
,,S,1,N/A (60),N/A,2.50,261.63,2.50,1,0,,,,,,
,,T,1,N/A (60),N/A,2.00,277.18,2.00,1,0,,,,,,
,,U,1,N/A (60),N/A,2.50,293.66,2.50,1,0,,,,,,
,,V,1,N/A (60),N/A,0.50,311.13,0.50,1,0,,,,,,
,,W,1,N/A (60),N/A,0.50,349.23,0.50,1,0,,,,,,
,,X,1,N/A (60),N/A,0.50,392,0.50,1,0,,,,,,
,,"A,X",2,N/A,N/A,2.25,"293.66, 440",2.25,0.95,0,,,,,,
,,"B,W",2,N/A,N/A,1.00,"311.13, 392",1.00,0.95,0,,,,,,
,,"C,V",2,N/A,N/A,1.00,"349.23, 440",1.00,0.95,0,,,,,,
,,"D,U",2,N/A,N/A,1.00,"392, 466.16",1.00,0.95,0,,,,,,
,,"E,T",2,N/A,N/A,3.00,"440, 622.25",3.00,0.95,0,,,,,,
,,"F,S",2,N/A,N/A,2.25,"554.37, 698.46",2.25,0.95,0,,,,,,
,,"G,R",2,N/A,N/A,1.00,"622.25, 698.46",1.00,0.95,0,,,,,,
,,"H,Q",2,N/A,N/A,1.00,"587.33, 783.99",1.00,0.95,0,,,,,,
,,"I,P",2,N/A,N/A,1.00,"523.25, 622.25",1.00,0.95,0,,,,,,
,,"J,O",2,N/A,N/A,2.25,"466.16, 554.37",2.25,0.95,0,,,,,,
,,"K,N",2,N/A,N/A,1.00,"440, 523.25",1.00,0.95,0,,,,,,
,,"L,M",2,N/A,N/A,1.00,"392, 440",1.00,0.95,0,,,,,,
,,"A,X,L",3,N/A,N/A,4.00,"293.66, 440 ,311.13",4.00,0.9,0,,,,,,
,,"B,W,M",3,N/A,N/A,2.00,"311.13, 392 ,261.63",2.00,0.9,0,,,,,,
,,"C,V,K",3,N/A,N/A,2.00,"349.23, 440 ,233.08",2.00,0.9,0,,,,,,
,,"D,U,N",3,N/A,N/A,2.00,"392, 466.16 ,220",2.00,0.9,0,,,,,,
,,"E,T,J",3,N/A,N/A,4.50,"440, 622.25 ,196",4.50,0.9,0,,,,,,
,,"F,S,O",3,N/A,N/A,4.00,"554.37, 698.46 ,220",4.00,0.9,0,,,,,,
,,"G,R,I",3,N/A,N/A,2.00,"622.25, 698.46 ,277.18",2.00,0.9,0,,,,,,
,,"H,Q,P",3,N/A,N/A,2.00,"587.33, 783.99 ,233.08",2.00,0.9,0,,,,,,
,,"A,X,L,P",4,N/A,N/A,4.00,"293.66, 440 ,311.13 ,196",4.00,0.85,0,,,,,,
,,"B,W,M,Q",4,N/A,N/A,2.80,"311.13, 392 ,261.63 ,196",2.80,0.85,0,,,,,,
,,"C,V,K,H",4,N/A,N/A,2.80,"349.23, 440 ,233.08 ,155.56",2.80,0.85,0,,,,,,
,,"D,U,N,I",4,N/A,N/A,2.80,"392, 466.16 ,220 ,130.81",2.80,0.85,0,,,,,,
,,"E,T,J,R",4,N/A,N/A,4.50,"440, 622.25 ,196 ,110",4.50,0.85,0,,,,,,
,,"F,S,O,G",4,N/A,N/A,5.00,"554.37, 698.46 ,220 ,155.56",5.00,0.85,0,,,,,,
,,"A,X,L,P,G,O",6,N/A,N/A,4.00,"293.66, 440 ,311.13 ,196 ,783.99 ,146.83",4.00,0.8,0,,,,,,
,,"B,W,M,Q,S,F",6,N/A,N/A,3.20,"311.13, 392 ,261.63 ,196 ,622.25 ,138.59",3.20,0.8,0,,,,,,
,,"C,V,K,H,R,J",6,N/A,N/A,3.20,"349.23, 440 ,233.08 ,155.56 ,587.33 ,110",3.20,0.8,0,,,,,,
,,"D,U,N,I,T,E",6,N/A,N/A,3.20,"392, 466.16 ,220 ,130.81 ,622.25 ,98",3.20,0.8,0,,,,,,
,,"A,X,L,P,G,O,E,T",8,N/A,N/A,4.00,"293.66, 440 ,311.13 ,196 ,783.99 ,146.83 ,523.25 ,87.31",4.00,0.75,0,,,,,,
,,"B,W,M,Q,S,F,I,N",8,N/A,N/A,3.50,"311.13, 392 ,261.63 ,196 ,622.25 ,138.59 ,466.16 ,110",3.50,0.75,0,,,,,,
,,"C,V,K,H,R,J,U,D",8,N/A,N/A,3.50,"349.23, 440 ,233.08 ,155.56 ,587.33 ,110 ,277.18 ,110",3.50,0.75,0,,,,,,
,,"A,X,L,P,G,O,E,T,D,U,J,R",12,N/A,N/A,5.00,"293.66, 440 ,311.13 ,196 ,783.99 ,146.83 ,523.25 ,87.31 ,698.46 ,622.25 ,116.54 ,261.63",5.00,0.7,0,,,,,,
,,"B,W,M,Q,S,F,I,N,H,K,V,C",12,N/A,N/A,5.00,"311.13, 392 ,261.63 ,196 ,622.25 ,138.59 ,466.16 ,110 ,698.46 ,880 ,1108.73 ,73.42",5.00,0.7,0,,,,,,
,,"A,X,L,P,G,O,E,T,D,U,J,R,B,W,M,Q,S,F,I,N,H,K,V,C",24,N/A,N/A,8.00,"293.66, 440 ,311.13 ,196 ,783.99 ,146.83 ,523.25 ,87.31 ,698.46 ,622.25 ,116.54 ,261.63 ,49, 233.08 ,466.16 ,554.37 ,880 ,932.33 ,1046.5 ,1174.66 ,1244.51 ,1567.98 ,2217.46 ,3135.96",8.00,0.65,0,,,,,,